feature,importance
sodium_penalty,0.38353926
food_sodium_mg,0.16621989
iron_gap_score,0.14543436
calorie_gap_score,0.05010607
iron_boost,0.033541895
food_iron_mg,0.033351198
slot_compat,0.02786254
vitc_boost,0.025950637
vitc_gap_score,0.023286061
protein_gap_score,0.02177495
fiber_gap_score,0.017182045
cost_score,0.014917139
food_calories,0.013679713
calorie_density,0.007799222
food_fiber_g,0.0061847977
fat_penalty,0.005480356
food_protein_g,0.005210535
protein_density,0.0050676567
fat_gap_score,0.0045824097
sugar_penalty,0.0032200015
carbs_gap_score,0.0018713307
calcium_gap_score,0.0015563434
fiber_density,0.0014245524
food_fat_g,0.0004885219
food_carbs_g,0.0002684923
diet_compat,0.0
cuisine_compat,0.0
