round,train_rmse,val_rmse
1,0.08762995955767794,0.08577364757780691
2,0.08426220383093604,0.08242447689917215
3,0.0813524185969236,0.07963131391325916
4,0.07850905291633131,0.07690889018950832
5,0.07559338456821357,0.07406644968539003
6,0.07316644832392244,0.07172707308699815
7,0.07055516298757906,0.06918937594456882
8,0.06821709835000034,0.0669412639371393
9,0.06593822537529569,0.06470598841450376
10,0.06395166122011021,0.06280396165613097
11,0.06216402192451023,0.06110138188346167
12,0.06001695189678289,0.05906618080245363
13,0.05816059374527507,0.05731537394838584
14,0.05616805811050427,0.05540833746198146
15,0.05431176256328389,0.0536343260870027
16,0.05253240325433559,0.05195634167240874
17,0.05092689142916091,0.05044085955094639
18,0.04950724315792105,0.049158067412244
19,0.04804031561318647,0.04776243619854269
20,0.04655096385883837,0.04636953085260559
21,0.04516055356212425,0.0450953746633902
22,0.04389125544178547,0.04391703077734761
23,0.0426920277704461,0.04281202012973157
24,0.04143130068873364,0.04165406687167847
25,0.04031241145679335,0.04060063281959082
26,0.03920470568598645,0.03955121029275431
27,0.03813533152682032,0.03856018188999458
28,0.03721408190635324,0.03770746478733147
29,0.03620289585992273,0.03677233160973521
30,0.03522264714321963,0.03588565443575017
31,0.03426666718466991,0.03499342670870768
32,0.03342272131667705,0.03423240361603912
33,0.03254834349002132,0.03339579195828125
34,0.03170044746234675,0.03261488513721123
35,0.03093005790651717,0.03192169269950899
36,0.03016975871330579,0.03123306595212333
37,0.02940375239594224,0.03052515301548167
38,0.02868826102722644,0.02985076459708583
39,0.02801053663792443,0.02923769917903487
40,0.02739724305202285,0.02869479665421761
41,0.0267531092102283,0.02811245990595667
42,0.02613911831751506,0.02756044259365467
43,0.0255341425787923,0.02701843897056661
44,0.02498022527668903,0.02651256286303607
45,0.02441770400850612,0.0259889355701272
46,0.02391876902204991,0.0255565394652061
47,0.02339934286792037,0.02508396210796173
48,0.02291188346673704,0.02463617702200902
49,0.02243925890797335,0.02420469299182526
50,0.02198597749524225,0.0237698172880123
51,0.02154549046439474,0.02337476233253806
52,0.02109510329700879,0.02297602735111288
53,0.0206750992859658,0.02259213125209994
54,0.02025509080963997,0.02219562295818986
55,0.01987192061343803,0.02185851015957871
56,0.01947840635340049,0.021502169189799
57,0.01910522169050282,0.02115680819461496
58,0.01873192469163015,0.0208277552824136
59,0.01839498859980822,0.02051136619604048
60,0.01805269453553982,0.02020411973916952
61,0.01771382474565421,0.0198919094209087
62,0.01739261822136634,0.01959513763569579
63,0.0170762951194773,0.01930934391687944
64,0.01676331923680529,0.01903114102581995
65,0.01646593796194612,0.01876999732923885
66,0.01616982763892824,0.01850127208986515
67,0.01590495475746366,0.01825772693749353
68,0.01564176743860053,0.01801248143747047
69,0.0154053785384617,0.01779341462012631
70,0.01514984307264993,0.01755839257436257
71,0.01489301339977867,0.01731369197917607
72,0.01463924768139395,0.01709908433161059
73,0.01440295359125066,0.01688531356322123
74,0.01416636846464386,0.01667260599442458
75,0.01393747836328264,0.0164698999467487
76,0.01372050821127689,0.01627254318021321
77,0.01350516615539656,0.01607286229315477
78,0.01329447580058363,0.0158671056076089
79,0.01310655331528886,0.01569830892776738
80,0.01290856490891876,0.0155166756033854
81,0.01271071614003953,0.01533517448235632
82,0.01252647029746483,0.01515909103991589
83,0.01234096627893713,0.01499219487700832
84,0.0121538351146381,0.01482415953750908
85,0.01198355927483241,0.01467262101533727
86,0.01181752713472977,0.01451305117514131
87,0.01164440782816707,0.01435119431469033
88,0.01148883439494819,0.01421090518634314
89,0.01133106702738966,0.01406345698860561
90,0.01118120019006762,0.01391774192244016
91,0.01102795513064791,0.01378775321364275
92,0.01088485071559527,0.01365904958974213
93,0.01074808632954745,0.01352947381717784
94,0.0106084456298994,0.01339633857836183
95,0.01046861364627816,0.01326986849002821
96,0.01032973341922445,0.01313714244921228
97,0.01019761334635332,0.01301517959419113
98,0.01007756202034255,0.01289810242776297
99,0.0099511255965826,0.01277360336799339
100,0.0098310368929663,0.0126532320872268
